timestamp,run_id,name,url,http_status,response_time_seconds,result,matched_value
2026-07-24T14-27-23Z,30101077129,"Homepage - OAI SearchBot","https://www.sunbeltrentals.co.uk",200,0.369852,FAIL,"not found"
2026-07-24T14-27-23Z,30101077129,"Homepage - GoogleBot","https://www.sunbeltrentals.co.uk",200,0.598339,PASS,"        </style><meta name=""x-sfdc-rendered-at"" content=""2026-07-23T11:47:54.641461353Z""><meta name=""x-sfdc-render-time"" content=""2462""></head>"
2026-07-24T14-27-23Z,30101077129,"Homepage - OAI GPT Bot","https://www.sunbeltrentals.co.uk",200,0.656965,PASS,"        </style><meta name=""x-sfdc-rendered-at"" content=""2026-07-23T11:47:54.641461353Z""><meta name=""x-sfdc-render-time"" content=""2462""></head>"
2026-07-24T14-27-23Z,30101077129,"Homepage - Claudebot","https://www.sunbeltrentals.co.uk",200,0.578770,PASS,"        </style><meta name=""x-sfdc-rendered-at"" content=""2026-07-23T11:47:54.641461353Z""><meta name=""x-sfdc-render-time"" content=""2462""></head>"
2026-07-24T14-27-23Z,30101077129,"Homepage - PerpelxityBot","https://www.sunbeltrentals.co.uk",200,0.713030,PASS,"        </style><meta name=""x-sfdc-rendered-at"" content=""2026-07-23T11:47:54.641461353Z""><meta name=""x-sfdc-render-time"" content=""2462""></head>"
2026-07-24T14-27-23Z,30101077129,"DepotPage - OAI SearchBot","https://www.sunbeltrentals.co.uk/depots/depot/131QH000000n1JRYAY/basildon-wrexham-road",200,0.941424,PASS,"        </style><meta name=""description"" content=""Hire plant &amp; attachments from Sunbelt Rentals Basildon - Wrexham Road (SS15 6PX). Expert advice and job-ready equipment, with nationwide delivery."" data-owner=""setSEOProperties""><meta property=""og:type"" content=""website"" data-owner=""setSEOProperties""><meta property=""og:title"" content=""Basildon - Wrexham Road"" data-owner=""setSEOProperties""><meta property=""og:description"" content=""Hire plant &amp; attachments from Sunbelt Rentals Basildon - Wrexham Road (SS15 6PX). Expert advice and job-ready equipment, with nationwide delivery."" data-owner=""setSEOProperties""><meta property=""og:image"" content=""/sfsites/c/cms/delivery/media/MCAIHVVFHUJNEMDLZUF3D3CU7ZZM"" data-owner=""setSEOProperties""><meta property=""og:site_name"" content=""Sunbelt Rentals"" data-owner=""setSEOProperties""><meta name=""twitter:card"" content=""summary_large_image"" data-owner=""setSEOProperties""><meta name=""twitter:site"" content=""@sunbeltrentaluk"" data-owner=""setSEOProperties""><meta name=""twitter:title"" content=""Basildon - Wrexham Road"" data-owner=""setSEOProperties""><meta name=""twitter:description"" content=""Hire plant &amp; attachments from Sunbelt Rentals Basildon - Wrexham Road (SS15 6PX). Expert advice and job-ready equipment, with nationwide delivery."" data-owner=""setSEOProperties""><meta name=""twitter:image"" content=""/sfsites/c/cms/delivery/media/MCAIHVVFHUJNEMDLZUF3D3CU7ZZM"" data-owner=""setSEOProperties""><link rel=""canonical"" href=""https://www.sunbeltrentals.co.uk/depots/depot/131QH000000n1JRYAY/basildon-wrexham-road"" data-owner=""setSEOProperties""><meta name=""x-sfdc-rendered-at"" content=""2026-07-23T17:17:45.791384194Z""><meta name=""x-sfdc-render-time"" content=""3222""></head>"
2026-07-24T14-27-23Z,30101077129,"DepotPage - GoogleBot","https://www.sunbeltrentals.co.uk/depots/depot/131QH000000n1JRYAY/basildon-wrexham-road",200,0.651652,PASS,"        </style><meta name=""description"" content=""Hire plant &amp; attachments from Sunbelt Rentals Basildon - Wrexham Road (SS15 6PX). Expert advice and job-ready equipment, with nationwide delivery."" data-owner=""setSEOProperties""><meta property=""og:type"" content=""website"" data-owner=""setSEOProperties""><meta property=""og:title"" content=""Basildon - Wrexham Road"" data-owner=""setSEOProperties""><meta property=""og:description"" content=""Hire plant &amp; attachments from Sunbelt Rentals Basildon - Wrexham Road (SS15 6PX). Expert advice and job-ready equipment, with nationwide delivery."" data-owner=""setSEOProperties""><meta property=""og:image"" content=""/sfsites/c/cms/delivery/media/MCAIHVVFHUJNEMDLZUF3D3CU7ZZM"" data-owner=""setSEOProperties""><meta property=""og:site_name"" content=""Sunbelt Rentals"" data-owner=""setSEOProperties""><meta name=""twitter:card"" content=""summary_large_image"" data-owner=""setSEOProperties""><meta name=""twitter:site"" content=""@sunbeltrentaluk"" data-owner=""setSEOProperties""><meta name=""twitter:title"" content=""Basildon - Wrexham Road"" data-owner=""setSEOProperties""><meta name=""twitter:description"" content=""Hire plant &amp; attachments from Sunbelt Rentals Basildon - Wrexham Road (SS15 6PX). Expert advice and job-ready equipment, with nationwide delivery."" data-owner=""setSEOProperties""><meta name=""twitter:image"" content=""/sfsites/c/cms/delivery/media/MCAIHVVFHUJNEMDLZUF3D3CU7ZZM"" data-owner=""setSEOProperties""><link rel=""canonical"" href=""https://www.sunbeltrentals.co.uk/depots/depot/131QH000000n1JRYAY/basildon-wrexham-road"" data-owner=""setSEOProperties""><meta name=""x-sfdc-rendered-at"" content=""2026-07-23T17:17:45.791384194Z""><meta name=""x-sfdc-render-time"" content=""3222""></head>"
2026-07-24T14-27-23Z,30101077129,"DepotPage - OAI GPT Bot","https://www.sunbeltrentals.co.uk/depots/depot/131QH000000n1JRYAY/basildon-wrexham-road",200,0.689735,PASS,"        </style><meta name=""description"" content=""Hire plant &amp; attachments from Sunbelt Rentals Basildon - Wrexham Road (SS15 6PX). Expert advice and job-ready equipment, with nationwide delivery."" data-owner=""setSEOProperties""><meta property=""og:type"" content=""website"" data-owner=""setSEOProperties""><meta property=""og:title"" content=""Basildon - Wrexham Road"" data-owner=""setSEOProperties""><meta property=""og:description"" content=""Hire plant &amp; attachments from Sunbelt Rentals Basildon - Wrexham Road (SS15 6PX). Expert advice and job-ready equipment, with nationwide delivery."" data-owner=""setSEOProperties""><meta property=""og:image"" content=""/sfsites/c/cms/delivery/media/MCAIHVVFHUJNEMDLZUF3D3CU7ZZM"" data-owner=""setSEOProperties""><meta property=""og:site_name"" content=""Sunbelt Rentals"" data-owner=""setSEOProperties""><meta name=""twitter:card"" content=""summary_large_image"" data-owner=""setSEOProperties""><meta name=""twitter:site"" content=""@sunbeltrentaluk"" data-owner=""setSEOProperties""><meta name=""twitter:title"" content=""Basildon - Wrexham Road"" data-owner=""setSEOProperties""><meta name=""twitter:description"" content=""Hire plant &amp; attachments from Sunbelt Rentals Basildon - Wrexham Road (SS15 6PX). Expert advice and job-ready equipment, with nationwide delivery."" data-owner=""setSEOProperties""><meta name=""twitter:image"" content=""/sfsites/c/cms/delivery/media/MCAIHVVFHUJNEMDLZUF3D3CU7ZZM"" data-owner=""setSEOProperties""><link rel=""canonical"" href=""https://www.sunbeltrentals.co.uk/depots/depot/131QH000000n1JRYAY/basildon-wrexham-road"" data-owner=""setSEOProperties""><meta name=""x-sfdc-rendered-at"" content=""2026-07-23T17:17:45.791384194Z""><meta name=""x-sfdc-render-time"" content=""3222""></head>"
2026-07-24T14-27-23Z,30101077129,"DepotPage - Claudebot","https://www.sunbeltrentals.co.uk/depots/depot/131QH000000n1JRYAY/basildon-wrexham-road",200,1.238134,PASS,"        </style><meta name=""description"" content=""Hire plant &amp; attachments from Sunbelt Rentals Basildon - Wrexham Road (SS15 6PX). Expert advice and job-ready equipment, with nationwide delivery."" data-owner=""setSEOProperties""><meta property=""og:type"" content=""website"" data-owner=""setSEOProperties""><meta property=""og:title"" content=""Basildon - Wrexham Road"" data-owner=""setSEOProperties""><meta property=""og:description"" content=""Hire plant &amp; attachments from Sunbelt Rentals Basildon - Wrexham Road (SS15 6PX). Expert advice and job-ready equipment, with nationwide delivery."" data-owner=""setSEOProperties""><meta property=""og:image"" content=""/sfsites/c/cms/delivery/media/MCAIHVVFHUJNEMDLZUF3D3CU7ZZM"" data-owner=""setSEOProperties""><meta property=""og:site_name"" content=""Sunbelt Rentals"" data-owner=""setSEOProperties""><meta name=""twitter:card"" content=""summary_large_image"" data-owner=""setSEOProperties""><meta name=""twitter:site"" content=""@sunbeltrentaluk"" data-owner=""setSEOProperties""><meta name=""twitter:title"" content=""Basildon - Wrexham Road"" data-owner=""setSEOProperties""><meta name=""twitter:description"" content=""Hire plant &amp; attachments from Sunbelt Rentals Basildon - Wrexham Road (SS15 6PX). Expert advice and job-ready equipment, with nationwide delivery."" data-owner=""setSEOProperties""><meta name=""twitter:image"" content=""/sfsites/c/cms/delivery/media/MCAIHVVFHUJNEMDLZUF3D3CU7ZZM"" data-owner=""setSEOProperties""><link rel=""canonical"" href=""https://www.sunbeltrentals.co.uk/depots/depot/131QH000000n1JRYAY/basildon-wrexham-road"" data-owner=""setSEOProperties""><meta name=""x-sfdc-rendered-at"" content=""2026-07-23T17:17:45.791384194Z""><meta name=""x-sfdc-render-time"" content=""3222""></head>"
2026-07-24T14-27-23Z,30101077129,"DagePage - PerpelxityBot","https://www.sunbeltrentals.co.uk/depots/depot/131QH000000n1JRYAY/basildon-wrexham-road",200,0.661322,PASS,"        </style><meta name=""description"" content=""Hire plant &amp; attachments from Sunbelt Rentals Basildon - Wrexham Road (SS15 6PX). Expert advice and job-ready equipment, with nationwide delivery."" data-owner=""setSEOProperties""><meta property=""og:type"" content=""website"" data-owner=""setSEOProperties""><meta property=""og:title"" content=""Basildon - Wrexham Road"" data-owner=""setSEOProperties""><meta property=""og:description"" content=""Hire plant &amp; attachments from Sunbelt Rentals Basildon - Wrexham Road (SS15 6PX). Expert advice and job-ready equipment, with nationwide delivery."" data-owner=""setSEOProperties""><meta property=""og:image"" content=""/sfsites/c/cms/delivery/media/MCAIHVVFHUJNEMDLZUF3D3CU7ZZM"" data-owner=""setSEOProperties""><meta property=""og:site_name"" content=""Sunbelt Rentals"" data-owner=""setSEOProperties""><meta name=""twitter:card"" content=""summary_large_image"" data-owner=""setSEOProperties""><meta name=""twitter:site"" content=""@sunbeltrentaluk"" data-owner=""setSEOProperties""><meta name=""twitter:title"" content=""Basildon - Wrexham Road"" data-owner=""setSEOProperties""><meta name=""twitter:description"" content=""Hire plant &amp; attachments from Sunbelt Rentals Basildon - Wrexham Road (SS15 6PX). Expert advice and job-ready equipment, with nationwide delivery."" data-owner=""setSEOProperties""><meta name=""twitter:image"" content=""/sfsites/c/cms/delivery/media/MCAIHVVFHUJNEMDLZUF3D3CU7ZZM"" data-owner=""setSEOProperties""><link rel=""canonical"" href=""https://www.sunbeltrentals.co.uk/depots/depot/131QH000000n1JRYAY/basildon-wrexham-road"" data-owner=""setSEOProperties""><meta name=""x-sfdc-rendered-at"" content=""2026-07-23T17:17:45.791384194Z""><meta name=""x-sfdc-render-time"" content=""3222""></head>"
2026-07-24T14-27-23Z,30101077129,"Category page - OAI SearchBot","https://www.sunbeltrentals.co.uk/category/hire/air-quality/ventilation/air-purifiers",200,0.952192,PASS,"        </style><meta name=""x-sfdc-rendered-at"" content=""2026-07-23T07:24:04.287659609Z""><meta name=""x-sfdc-render-time"" content=""2379""></head>"
2026-07-24T14-27-23Z,30101077129,"Category page - GoogleBot","https://www.sunbeltrentals.co.uk/category/hire/air-quality/ventilation/air-purifiers",200,0.572382,PASS,"        </style><meta name=""x-sfdc-rendered-at"" content=""2026-07-23T07:24:04.287659609Z""><meta name=""x-sfdc-render-time"" content=""2379""></head>"
2026-07-24T14-27-23Z,30101077129,"Category page - OAI GPT Bot","https://www.sunbeltrentals.co.uk/category/hire/air-quality/ventilation/air-purifiers",200,0.645751,PASS,"        </style><meta name=""x-sfdc-rendered-at"" content=""2026-07-23T07:24:04.287659609Z""><meta name=""x-sfdc-render-time"" content=""2379""></head>"
2026-07-24T14-27-23Z,30101077129,"Category page - Claudebot","https://www.sunbeltrentals.co.uk/category/hire/air-quality/ventilation/air-purifiers",200,0.603783,PASS,"        </style><meta name=""x-sfdc-rendered-at"" content=""2026-07-23T07:24:04.287659609Z""><meta name=""x-sfdc-render-time"" content=""2379""></head>"
2026-07-24T14-27-23Z,30101077129,"Category page - PerpelxityBot","https://www.sunbeltrentals.co.uk/category/hire/air-quality/ventilation/air-purifiers",200,0.616166,PASS,"        </style><meta name=""x-sfdc-rendered-at"" content=""2026-07-23T07:24:04.287659609Z""><meta name=""x-sfdc-render-time"" content=""2379""></head>"
2026-07-24T14-27-23Z,30101077129,"Product page - OAI SearchBot","https://www.sunbeltrentals.co.uk/product/electric-coolings-fans-500mm/01tSj000009wF17IAE",200,0.412064,PASS,"</script><link rel=""canonical"" href=""https://www.sunbeltrentals.co.uk/product/electric-coolings-fans-500mm/01tSj000009wF17IAE"" data-owner=""setSEOProperties""><style type=""text/css"" data-rendered-by-lwc="""">.button-container[lwc-4nhogfnirri] {display: flex;justify-content: center;width: 100%;}.video-overlay[lwc-4nhogfnirri] {position: fixed;top: 0;left: 0;width: 100%;height: 100%;background: rgba(0, 0, 0, 0.75);z-index: 9000;display: flex;justify-content: center;align-items: center;}.video-floating-container[lwc-4nhogfnirri] {position: relative;width: 896px;height: 504px;max-width: 90vw;max-height: 80vh;overflow: hidden;}.video-floating-container[lwc-4nhogfnirri] iframe[lwc-4nhogfnirri] {position: absolute;top: 0;left: 0;width: 100%;height: 100%;border: none;background: transparent;}.close-button[lwc-4nhogfnirri] {position: absolute;top: 10px;right: 10px;width: 30px;height: 30px;background: transparent;border: none;cursor: pointer;z-index: 9001;display: flex;justify-content: center;align-items: center;padding: 0;}.close-button:hover[lwc-4nhogfnirri] {transform: scale(1.1);}</style><meta name=""x-sfdc-rendered-at"" content=""2026-07-23T07:31:48.393453229Z""><meta name=""x-sfdc-render-time"" content=""3629""></head>"
2026-07-24T14-27-23Z,30101077129,"Product page - GoogleBot","https://www.sunbeltrentals.co.uk/product/electric-coolings-fans-500mm/01tSj000009wF17IAE",200,0.653846,PASS,"</script><link rel=""canonical"" href=""https://www.sunbeltrentals.co.uk/product/electric-coolings-fans-500mm/01tSj000009wF17IAE"" data-owner=""setSEOProperties""><style type=""text/css"" data-rendered-by-lwc="""">.button-container[lwc-4nhogfnirri] {display: flex;justify-content: center;width: 100%;}.video-overlay[lwc-4nhogfnirri] {position: fixed;top: 0;left: 0;width: 100%;height: 100%;background: rgba(0, 0, 0, 0.75);z-index: 9000;display: flex;justify-content: center;align-items: center;}.video-floating-container[lwc-4nhogfnirri] {position: relative;width: 896px;height: 504px;max-width: 90vw;max-height: 80vh;overflow: hidden;}.video-floating-container[lwc-4nhogfnirri] iframe[lwc-4nhogfnirri] {position: absolute;top: 0;left: 0;width: 100%;height: 100%;border: none;background: transparent;}.close-button[lwc-4nhogfnirri] {position: absolute;top: 10px;right: 10px;width: 30px;height: 30px;background: transparent;border: none;cursor: pointer;z-index: 9001;display: flex;justify-content: center;align-items: center;padding: 0;}.close-button:hover[lwc-4nhogfnirri] {transform: scale(1.1);}</style><meta name=""x-sfdc-rendered-at"" content=""2026-07-23T07:31:48.393453229Z""><meta name=""x-sfdc-render-time"" content=""3629""></head>"
2026-07-24T14-27-23Z,30101077129,"Product page - OAI GPT Bot","https://www.sunbeltrentals.co.uk/product/electric-coolings-fans-500mm/01tSj000009wF17IAE",200,0.646754,PASS,"</script><link rel=""canonical"" href=""https://www.sunbeltrentals.co.uk/product/electric-coolings-fans-500mm/01tSj000009wF17IAE"" data-owner=""setSEOProperties""><style type=""text/css"" data-rendered-by-lwc="""">.button-container[lwc-4nhogfnirri] {display: flex;justify-content: center;width: 100%;}.video-overlay[lwc-4nhogfnirri] {position: fixed;top: 0;left: 0;width: 100%;height: 100%;background: rgba(0, 0, 0, 0.75);z-index: 9000;display: flex;justify-content: center;align-items: center;}.video-floating-container[lwc-4nhogfnirri] {position: relative;width: 896px;height: 504px;max-width: 90vw;max-height: 80vh;overflow: hidden;}.video-floating-container[lwc-4nhogfnirri] iframe[lwc-4nhogfnirri] {position: absolute;top: 0;left: 0;width: 100%;height: 100%;border: none;background: transparent;}.close-button[lwc-4nhogfnirri] {position: absolute;top: 10px;right: 10px;width: 30px;height: 30px;background: transparent;border: none;cursor: pointer;z-index: 9001;display: flex;justify-content: center;align-items: center;padding: 0;}.close-button:hover[lwc-4nhogfnirri] {transform: scale(1.1);}</style><meta name=""x-sfdc-rendered-at"" content=""2026-07-23T07:31:48.393453229Z""><meta name=""x-sfdc-render-time"" content=""3629""></head>"
2026-07-24T14-27-23Z,30101077129,"Product page - Claudebot","https://www.sunbeltrentals.co.uk/product/electric-coolings-fans-500mm/01tSj000009wF17IAE",200,0.610633,PASS,"</script><link rel=""canonical"" href=""https://www.sunbeltrentals.co.uk/product/electric-coolings-fans-500mm/01tSj000009wF17IAE"" data-owner=""setSEOProperties""><style type=""text/css"" data-rendered-by-lwc="""">.button-container[lwc-4nhogfnirri] {display: flex;justify-content: center;width: 100%;}.video-overlay[lwc-4nhogfnirri] {position: fixed;top: 0;left: 0;width: 100%;height: 100%;background: rgba(0, 0, 0, 0.75);z-index: 9000;display: flex;justify-content: center;align-items: center;}.video-floating-container[lwc-4nhogfnirri] {position: relative;width: 896px;height: 504px;max-width: 90vw;max-height: 80vh;overflow: hidden;}.video-floating-container[lwc-4nhogfnirri] iframe[lwc-4nhogfnirri] {position: absolute;top: 0;left: 0;width: 100%;height: 100%;border: none;background: transparent;}.close-button[lwc-4nhogfnirri] {position: absolute;top: 10px;right: 10px;width: 30px;height: 30px;background: transparent;border: none;cursor: pointer;z-index: 9001;display: flex;justify-content: center;align-items: center;padding: 0;}.close-button:hover[lwc-4nhogfnirri] {transform: scale(1.1);}</style><meta name=""x-sfdc-rendered-at"" content=""2026-07-23T07:31:48.393453229Z""><meta name=""x-sfdc-render-time"" content=""3629""></head>"
2026-07-24T14-27-23Z,30101077129,"Product page - PerpelxityBot","https://www.sunbeltrentals.co.uk/product/electric-coolings-fans-500mm/01tSj000009wF17IAE",200,0.600292,PASS,"</script><link rel=""canonical"" href=""https://www.sunbeltrentals.co.uk/product/electric-coolings-fans-500mm/01tSj000009wF17IAE"" data-owner=""setSEOProperties""><style type=""text/css"" data-rendered-by-lwc="""">.button-container[lwc-4nhogfnirri] {display: flex;justify-content: center;width: 100%;}.video-overlay[lwc-4nhogfnirri] {position: fixed;top: 0;left: 0;width: 100%;height: 100%;background: rgba(0, 0, 0, 0.75);z-index: 9000;display: flex;justify-content: center;align-items: center;}.video-floating-container[lwc-4nhogfnirri] {position: relative;width: 896px;height: 504px;max-width: 90vw;max-height: 80vh;overflow: hidden;}.video-floating-container[lwc-4nhogfnirri] iframe[lwc-4nhogfnirri] {position: absolute;top: 0;left: 0;width: 100%;height: 100%;border: none;background: transparent;}.close-button[lwc-4nhogfnirri] {position: absolute;top: 10px;right: 10px;width: 30px;height: 30px;background: transparent;border: none;cursor: pointer;z-index: 9001;display: flex;justify-content: center;align-items: center;padding: 0;}.close-button:hover[lwc-4nhogfnirri] {transform: scale(1.1);}</style><meta name=""x-sfdc-rendered-at"" content=""2026-07-23T07:31:48.393453229Z""><meta name=""x-sfdc-render-time"" content=""3629""></head>"
